user_id,name,email,phone,created_at
1001,Wanna Klinkaew,wanna.klinkaew@email.com,0748736811,2023-08-24 08:42:00
1002,Burin Udomsak,burin.udomsak@email.com,66060880565,2023-12-13 17:10:00
1003,Siriporn Choosri,siriporn.choosri@email.com,66064841099,2023-10-28 09:40:00
1004,Wanna Dingam,wanna.dingam@email.com,0875195951,2023-06-04 06:24:00
1005,Itthipat Fongfah,itthipat.fongfah@email.com,0902789344,2023-10-20 11:36:00
1006,Wichai Mongkol,wichai.mongkol@email.com,0785953150,2024-02-29 21:25:00
1007,Narin Ongkham,narin.ongkham@email.com,0771135861,2023-12-18 23:03:00
1008,Siriporn Jaidee,siriporn.jaidee@email.com,+66098933370,2023-05-27 07:38:00
1009,Wanna Pongthai,wanna.pongthai@email.com,0824674286,2023-11-14 08:43:00
1010,Anchalee Charoensuk,anchalee.charoensuk@email.com,66068263014,2023-11-27 01:19:00
1011,Saowalak Lertchai,saowalak.lertchai@email.com,0881559763,2024-01-10 04:05:00
1012,Wanna Raksit,wanna.raksit@email.com,+66078648143,2023-03-31 06:08:00
1013,Wichai Dingam,wichai.dingam@email.com,0947138070,2023-05-20 05:16:00
1014,Fah Gritsana,fah.gritsana@email.com,+66090595165,2023-06-23 03:29:00
1015,Gamon Meesuk,gamon.meesuk@email.com,+66064336151,2023-04-26 21:46:00
1016,Gamon Hengsawat,gamon.hengsawat@email.com,0857136687,2023-07-22 00:16:00
1017,Parinya Daengdee,parinya.daengdee@email.com,0943073474,2023-12-11 23:43:00
1018,Anucha Udomsak,anucha.udomsak@email.com,+66076739254,2023-07-10 03:43:00
1019,Gamon Jankham,gamon.jankham@email.com,0748910069,2024-03-28 17:20:00
1020,Pimjai Saengthong,pimjai.saengthong@email.com,0994713925,2023-11-22 14:58:00
1021,Gamon Nakorn,gamon.nakorn@email.com,0797850067,2023-01-24 01:19:00
1022,Somsak Choosri,somsak.choosri@email.com,0912948178,2024-03-30 17:08:00
1023,Tawan Raksit,tawan.raksit@email.com,0848610879,2024-01-16 22:34:00
1024,Chonthicha Saengthong,chonthicha.saengthong@email.com,66086359246,2023-12-02 03:53:00
1025,Pornthip Raksit,pornthip.raksit@email.com,66091784704,2023-05-24 01:44:00
1026,Warut Jankham,warut.jankham@email.com,0834645180,2023-05-01 11:06:00
1027,Ekkarat Daengdee,ekkarat.daengdee@email.com,0837017548,2023-05-22 06:07:00
1028,Monthon Ongkham,monthon.ongkham@email.com,0892538024,2023-11-25 20:38:00
1029,Saowalak Dingam,saowalak.dingam@email.com,+66061184856,2023-05-05 04:50:00
1030,Wichai Saengthong,wichai.saengthong@email.com,0964442778,2024-01-27 17:13:00
1031,Hathai Jankham,hathai.jankham@email.com,+66097462306,2023-04-30 10:49:00
1032,Malee Suksawat,malee.suksawat@email.com,0691047572,2023-03-16 04:34:00
1033,Wanna Nakorn,wanna.nakorn@email.com,0763927575,2024-03-19 00:08:00
1034,Fah Bunnak,fah.bunnak@email.com,+66060701030,2023-05-02 18:20:00
1035,Napa Inchan,napa.inchan@email.com,0613923366,2023-03-06 23:26:00
1036,Ladda Meesuk,ladda.meesuk@email.com,+66093290671,2023-09-01 14:49:00
1037,Saowalak Bunnak,saowalak.bunnak@email.com,0839610704,2023-08-20 16:14:00
1038,Siriporn Fongfah,siriporn.fongfah@email.com,+66099172754,2024-03-19 21:33:00
1039,Rattana Wongsri,rattana.wongsri@email.com,0798684678,2023-01-16 01:30:00
1040,Jirapat Meesuk,jirapat.meesuk@email.com,0858151684,2023-09-09 22:58:00
1041,Narin Daengdee,narin.daengdee@email.com,66088223296,2023-06-14 19:09:00
1042,Duangjai Mongkol,duangjai.mongkol@email.com,0643117143,2023-11-21 18:35:00
1043,Vipada Sawangsri,vipada.sawangsri@email.com,,2023-09-29 09:29:00
1044,Pattara Mongkol,pattara.mongkol@email.com,0928217547,2023-12-26 03:54:00
1045,Pornthip Hengsawat,pornthip.hengsawat@email.com,0954607488,2024-03-30 07:26:00
1046,Monthon Charoensuk,monthon.charoensuk@email.com,0818608449,2024-01-09 03:20:00
1047,Hathai Saengthong,hathai.saengthong@email.com,0876243275,2023-07-11 04:43:00
1048,Fah Klinkaew,fah.klinkaew@email.com,0902126310,2023-02-13 02:27:00
1049,Wanna Ongkham,wanna.ongkham@email.com,+66066725197,2023-10-12 01:37:00
1050,Kamon Dingam,kamon.dingam@email.com,0956530541,2023-07-30 11:55:00
1051,Rawin Sawangsri,rawin.sawangsri@email.com,,2023-11-04 09:22:00
1052,Duangjai Ekpracha,duangjai.ekpracha@email.com,0669512969,2023-12-03 15:14:00
1053,Pattara Panya,pattara.panya@email.com,+66066687393,2023-07-08 03:48:00
1054,Kitti Mongkol,kitti.mongkol@email.com,+66077479431,2024-03-08 17:49:00
1055,Somchai Thongkham,somchai.thongkham@email.com,0991440466,2023-12-03 22:17:00
1056,Thana Lertchai,thana.lertchai@email.com,0614026879,2024-01-26 09:58:00
1057,Saowalak Ongkham,saowalak.ongkham@email.com,0816889195,2024-03-21 04:36:00
1058,Anucha Rakdee,anucha.rakdee@email.com,0852167449,2023-11-21 00:05:00
1059,Wichai Daengdee,wichai.daengdee@email.com,0934609330,2023-08-21 10:10:00
1060,Hathai Choosri,hathai.choosri@email.com,+66083622840,2024-02-02 18:38:00
1061,Siriporn Choosri Jr,siriporn.choosri@email.com,66064841099,2023-10-28 09:40:00
1062,Saowalak Dingam Jr,saowalak.dingam@email.com,+66061184856,2023-05-05 04:50:00
1063,Burin Udomsak Jr,burin.udomsak@email.com,66060880565,2023-12-13 17:10:00
1064,Itthipat Fongfah Jr,itthipat.fongfah@email.com,0902789344,2023-10-20 11:36:00
1065,Wichai Mongkol Jr,wichai.mongkol@email.com,0785953150,2024-02-29 21:25:00
